word,occurances
pack,572
set,495
value,224
truck,206
bucket,186
lego,180
fire,176
bonus,175
bricks,154
city,151
police,150
building,142
super,140
with,139
battle,138
car,135
box,129
train,126
first,111
fun,109
vs,106
house,102
mini,101
helicopter,97
red,94
duplo,93
attack,91
rescue,87
dragon,86
star,86
fighter,86
castle,85
my,84
brick,83
station,82
space,82
at,81
man,80
wing,79
play,77
racer,76
race,75
jet,75
creative,74
basic,73
spider,72
team,69
plates,68
bike,67
farm,67
boat,67
black,66
plane,66
build,64
large,64
blue,63
starfighter,61
chase,59
adventure,59
ice,59
batman,58
calendar,58
minifigure,56
edition,56
heartlake,55
green,55
jungle,54
accessories,54
advent,53
starter,53
mech,53
road,52
tie,52
ultimate,52
imperial,51
transport,50
tower,49
baby,49
buggy,48
kit,48
friends,47
on,47
droid,47
holiday,47
escape,47
big,46
christmas,46
pod,45
animals,45
challenge,44
shuttle,44
motor,43
accessory,43
king,42
tree,42
power,42
sea,42
santa,40
ferrari,40
small,38
stunt,37
master,37
toa,37
town,37
park,37
party,36
kai,36
off,36
emma,36
ship,36
cube,36
white,36
jay,35
forest,35
beach,35
crane,35
bag,35
hogwarts,35
for,34
street,34
sensor,34
freestyle,34
stephanie,34
world,34
wars,34
patrol,33
microfighter,33
up,33
wheels,33
air,33
iron,33
airport,33
medium,32
cruiser,32
treasure,32
pirate,32
loader,32
cart,31
olivia,31
jedi,31
island,31
collection,31
tub,31
base,31
cole,31
light,31
andrea,31
speeder,30
monster,30
turbo,30
ninja,30
guard,30
transporter,30
construction,29
mia,29
birthday,29
water,29
cargo,29
adventures,29
horse,29
shop,29
zoo,29
captain,29
racing,29
tank,29
bulk,28
speed,28
family,28
stack,28
royal,28
lloyd,28
bus,27
flyer,27
learn,27
stand,27
go,27
technic,27
zane,26
room,26
mobile,26
gift,26
mission,26
walker,26
anniversary,25
training,25
robot,25
ambush,25
dark,25
ninjago,25
dog,25
special,25
track,25
tiles,25
rex,25
dino,25
easter,24
palace,24
grey,24
chopper,24
arctic,24
desert,24
tractor,24
store,24
spinjitzu,24
chi,24
roof,24
republic,24
pursuit,24
day,24
mighty,24
mickey,23
tow,23
xl,23
bunny,23
winter,23
showdown,23
animal,23
joker,23
van,23
deep,23
order,23
deluxe,23
heavy,22
parts,22
carriage,22
time,22
crawler,22
league,22
flying,22
falcon,22
control,22
beast,22
shark,22
heart,22
trial,21
crusher,21
mountain,21
workshop,21
express,21
command,21
duel,21
knight,21
series,21
version,21
your,21
sub,21
temple,21
hot,21
thunder,21
cat,21
playground,21
frame,21
assorted,20
village,20
machine,20
scout,20
rocket,20
lion,20
cool,20
skull,20
alien,20
rebel,20
little,20
swamp,19
summer,19
knights,19
snow,19
sky,19
scooter,19
bat,19
show,19
coast,19
micros,19
unit,19
darth,19
clone,19
halloween,19
fortress,19
interceptor,19
rally,19
creator,19
bear,19
classic,19
wagon,18
princess,18
explorer,18
turtle,18
assault,18
pirates,18
cream,18
magical,18
harry,18
action,18
cars,18
penguin,18
vehicles,18
own,18
batmobile,18
wheel,18
blaster,18
glider,18
grand,17
destroyer,17
ii,17
roader,17
exploration,17
home,17
to,17
th,17
cinderella,17
mouse,17
stone,17
puppy,17
trooper,17
duck,17
catapult,17
ariel,17
millennium,17
size,17
bird,17
emmet,17
yellow,17
dinosaur,17
gunship,17
extra,17
avengers,17
elements,16
sith,16
robo,16
scorpion,16
lab,16
figure,16
snowspeeder,16
picture,16
secret,16
crystal,16
bridge,16
brown,16
community,16
cycle,16
chief,16
studio,16
school,16
river,16
digger,16
vehicle,16
racers,16
level,16
raider,16
resistance,16
flower,16
ev,16
heist,15
warrior,15
runner,15
wildlife,15
hq,15
dirt,15
windows,15
rock,15
ghost,15
wild,15
vintage,15
wu,15
stable,15
vader,15
hideout,15
plate,15
suitcase,15
bedroom,15
people,15
legoland,15
battery,15
ocean,15
hut,15
bounty,15
guy,15
bob,15
promotional,15
pneumatic,15
parrot,14
ornament,14
twin,14
st,14
locomotive,14
bracelet,14
gold,14
girl,14
unikitty,14
good,14
center,14
frog,14
striker,14
lift,14
kart,14
rider,14
doc,14
happy,14
collectors,14
designer,14
motorcycle,14
hunter,14
minnie,14
ride,13
aircraft,13
camp,13
fashion,13
movie,13
pit,13
volcano,13
troopers,13
rover,13
atv,13
ren,13
table,13
stormtrooper,13
aeroplane,13
samurai,13
pop,13
planet,13
cannon,13
freeze,13
replacement,13
display,13
pony,13
cafe,13
naboo,13
cave,13
mine,13
pink,13
service,13
storage,13
fairy,13
hulk,13
kitchen,13
nba,13
excavator,13
brand,13
queen,13
circus,13
mr,13
reindeer,13
sports,13
nitro,13
alpha,13
elsa,13
defender,13
tiger,13
valentine,13
garden,13
system,13
raptor,13
rattle,12
year,12
raft,12
boy,12
flash,12
ski,12
bomber,12
transparent,12
diver,12
garage,12
hospital,12
playhouse,12
magic,12
bad,12
centre,12
lair,12
america,12
anakin,12
slave,12
machines,12
superman,12
passenger,12
fett,12
vet,12
skeleton,12
kylo,12
lord,12
witch,12
garmadon,12
final,12
wedo,12
container,12
roller,12
mining,12
hoth,12
minifig,12
high,12
hub,12
site,12
front,12
general,12
golden,12
vol,12
line,12
potter,12
jewels,12
giant,12
from,12
outpost,12
surprise,11
lightning,11
create,11
trailer,11
luke,11
one,11
robin,11
extreme,11
fll,11
doctor,11
stop,11
ambulance,11
belle,11
vulture,11
mario,11
ogel,11
panda,11
elephant,11
dump,11
class,11
bauble,11
snowman,11
copter,11
mindstorms,11
stables,11
death,11
emergency,11
motion,11
gt,11
rapunzel,11
squad,11
crossing,11
nxt,11
rail,11
defense,11
quad,11
intelligent,11
speedboat,11
polar,11
scala,11
belville,11
straight,11
builder,11
tyres,11
two,11
lava,11
market,11
rc,11
formula,11
more,11
cyber,11
va,11
gear,11
creatures,11
micro,11
bionicle,11
bakery,11
target,11
celebration,11
picnic,11
breakout,11
dinosaurs,11
garbage,10
pet,10
silver,10
furno,10
steep,10
caterpillar,10
ock,10
camper,10
solo,10
highway,10
multi,10
cloud,10
vladek,10
sir,10
player,10
venom,10
batcave,10
ultra,10
hydro,10
stormer,10
bulldozer,10
shadow,10
xxl,10
sloped,10
dragster,10
limited,10
beauty,10
mars,10
headquarters,10
eagle,10
crocodile,10
skywalker,10
practice,10
flight,10
ford,10
getaway,10
clinic,10
kid,10
card,10
new,10
bank,10
slammer,10
wonder,10
exclusive,10
earth,10
prison,10
end,10
goblin,10
toy,10
dune,10
fish,10
safari,10
evo,10
claus,10
caravan,10
motorbike,10
hunt,10
caf,10
soft,9
creature,9
random,9
wind,9
post,9
care,9
force,9
pooh,9
rig,9
holder,9
sonic,9
doors,9
monkey,9
friendship,9
strike,9
grievous,9
porsche,9
hover,9
amusement,9
launch,9
pool,9
face,9
drone,9
bundle,9
underwater,9
mos,9
airplane,9
crew,9
night,9
engine,9
hero,9
chicken,9
hovercraft,9
shell,9
worker,9
three,9
club,9
dolphin,9
beams,9
beatbox,9
lance,9
lighthouse,9
nya,9
mandalorian,9
encounter,9
associate,9
sand,9
dj,9
wear,9
soccer,9
expedition,9
balloon,9
mater,9
pizza,9
jack,9
all,9
apple,9
anna,9
clown,9
cottage,9
han,9
co,9
discovery,9
response,9
repair,9
chest,9
woman,9
storm,8
phantom,8
arena,8
propeller,8
army,8
rahkshi,8
make,8
infiltrator,8
aaron,8
tanker,8
batwing,8
tv,8
kal,8
tumbler,8
clay,8
chess,8
gas,8
delivery,8
primo,8
fishing,8
nursery,8
trike,8
haunted,8
cross,8
resort,8
adventurers,8
fight,8
double,8
res,8
airjitzu,8
sweeper,8
protector,8
dozer,8
snowmobile,8
advanced,8
nuva,8
it,8
mixels,8
axles,8
camera,8
demolition,8
ferry,8
galactic,8
titan,8
yoda,8
aero,8
model,8
pig,8
monkie,8
ball,8
great,8
hauler,8
central,8
quatro,8
bricktober,8
rocka,8
kendo,8
wizard,8
cop,8
sweet,8
design,8
visorak,8
land,8
stage,8
harley,8
rod,8
submarine,8
sleigh,8
claw,8
viking,8
stinger,8
raid,8
boba,8
pilot,8
bee,8
elite,8
surfer,8
lunar,8
hordika,8
mclaren,7
sunshine,7
chick,7
mummy,7
harbour,7
blade,7
fox,7
bar,7
buildable,7
carrier,7
chima,7
photo,7
stealth,7
footballer,7
dressing,7
complete,7
basketball,7
desk,7
suit,7
scuba,7
jones,7
maker,7
strata,7
rey,7
cm,7
add,7
simple,7
jump,7
jeep,7
hockey,7
ridge,7
creeper,7
aerial,7
curved,7
thor,7
slam,7
remote,7
undersea,7
wd,7
elf,7
mm,7
chamber,7
microfighters,7
carry,7
wall,7
traffic,7
smash,7
scarecrow,7
thanksgiving,7
epic,7
tubes,7
driller,7
carousel,7
forklift,7
story,7
wave,7
factory,7
destiny,7
technology,7
dots,7
food,7
craft,7
mercedes,7
enchanted,7
modular,7
guardian,7
chariot,7
quinn,7
push,7
along,7
essential,7
aat,7
orange,7
championship,7
yard,7
music,7
arrest,7
booster,7
life,7
colour,7
max,7
troll,7
wash,7
podracer,7
dumper,7
snake,7
raiders,7
coaster,7
resource,7
exo,7
frames,7
corner,7
emperor,7
landspeeder,7
baseplate,7
tracks,7
obi,7
yours,7
bracelets,7
wan,7
salon,7
expansion,7
invention,7
buzz,7
atlantis,6
tracker,6
legend,6
burger,6
ufo,6
portal,6
fireman,6
crab,6
dc,6
tournament,6
breez,6
heroes,6
trains,6
hair,6
disney,6
piggy,6
gate,6
arc,6
dancer,6
nindroid,6
endor,6
tahu,6
alley,6
hagrid,6
egg,6
western,6
surge,6
learning,6
vakama,6
panes,6
driver,6
shoot,6
cable,6
mt,6
zombie,6
rotor,6
game,6
crazy,6
pencil,6
nasa,6
creations,6
prix,6
probe,6
explore,6
tribe,6
bottom,6
satellite,6
enforcer,6
dress,6
el,6
energy,6
trip,6
rainbow,6
laval,6
croc,6
cragger,6
benny,6
rahaga,6
nether,6
square,6
cpw,6
launcher,6
hopper,6
te,6
jabba,6
krana,6
demon,6
robots,6
frozen,6
back,6
terrain,6
shooting,6
octopus,6
jayko,6
dr,6
trap,6
education,6
mtt,6
infrared,6
wedding,6
mixer,6
cosmic,6
auto,6
tracked,6
combat,6
lasha,6
bane,6
mask,6
defence,6
lucy,6
numbers,6
riddler,6
tunnel,6
dropship,6
policeman,6
robotics,6
book,6
tech,6
roadster,6
blizzard,6
bands,6
paradise,6
sleeping,6
arcade,6
marvel,6
riding,6
prime,6
spike,6
fury,6
future,6
jumping,6
junction,6
bricq,6
mystery,6
ray,6
switch,6
window,6
catamaran,6
helmet,6
standard,6
commander,6
blaze,6
storybook,6
moon,6
early,6
tag,6
axl,6
sorter,6
case,6
electric,6
bay,6
scoop,6
reef,6
chevrolet,6
owen,6
macy,6
dance,6
sheriff,6
poe,6
rabbit,6
out,6
bandit,6
surveillance,6
tri,6
couplings,6
museum,5
canister,5
spy,5
pumpkin,5
bull,5
vip,5
office,5
lamborghini,5
visit,5
steam,5
statue,5
thanos,5
titanium,5
stronghold,5
pretty,5
batgirl,5
joints,5
evil,5
hybrid,5
laboratory,5
metalbeard,5
forbidden,5
turntables,5
hydra,5
panther,5
lehvak,5
daisy,5
electro,5
place,5
cute,5
liberty,5
volkswagen,5
bumper,5
unicorn,5
zx,5
decorated,5
usb,5
uniter,5
christian,5
cabin,5
marie,5
friendly,5
hedgehog,5
fast,5
cities,5
fountain,5
london,5
cameraman,5
malaysia,5
legends,5
side,5
head,5
crossbow,5
shredder,5
united,5
nui,5
onua,5
moana,5
rumble,5
hermione,5
pohatu,5
johnny,5
kopaka,5
lewa,5
blazer,5
mcqueen,5
hook,5
sporty,5
gears,5
palpatine,5
mutant,5
maul,5
sprinter,5
port,5
soldier,5
puppycorn,5
lightsaber,5
transmitter,5
chewbacca,5
empire,5
woody,5
spaceship,5
widow,5
flyers,5
pteranodon,5
cup,5
rampage,5
muck,5
olaf,5
freight,5
stacking,5
teether,5
railway,5
jumbo,5
pick,5
fighters,5
skater,5
transformation,5
cake,5
touch,5
scuderia,5
rapid,5
flame,5
foal,5
maersk,5
ana,5
singer,5
skin,5
quinjet,5
letters,5
basket,5
boulder,5
chef,5
recon,5
landing,5
scene,5
turkey,5
dodge,5
research,5
sunset,5
journey,5
vacation,5
doll,5
whale,5
siege,5
hinges,5
playmat,5
theme,5
ladybird,5
maths,5
roll,5
brickmaster,5
tigger,5
luthor,5
tiny,5
prisoner,5
slide,5
tote,5
takedown,5
babies,5
busy,5
four,5
core,5
minecraft,5
shape,5
aqua,5
fair,5
gali,5
bigfig,5
quick,5
holders,5
banana,5
backhoe,5
work,5
solar,5
triceratops,5
thomas,5
versus,5
services,5
charger,5
harvester,5
quest,5
rechargeable,5
puzzle,5
gingerbread,5
ring,5
supermarket,5
forward,5
ferris,5
mayhem,5
transformer,5
rails,5
finn,5
gun,5
activity,5
lex,5
tomb,5
killer,5
invasion,5
aurora,5
snowboard,5
saucer,5
welcome,4
armor,4
tatooine,4
soldiers,4
spiders,4
lantern,4
duty,4
wyplash,4
creativity,4
supplementary,4
tube,4
tea,4
forge,4
skateboard,4
frigate,4
move,4
po,4
marina,4
york,4
shrine,4
nexo,4
sparrow,4
leo,4
half,4
telekom,4
pull,4
agent,4
custom,4
connectors,4
chain,4
mushroom,4
bb,4
tokyo,4
joust,4
mosaic,4
wrecker,4
awesome,4
frost,4
hall,4
door,4
musical,4
angular,4
throne,4
loki,4
smooth,4
shopping,4
girls,4
nrg,4
explorers,4
weapon,4
pickup,4
giraffe,4
pump,4
director,4
chinese,4
cherry,4
funny,4
muscle,4
fc,4
surf,4
sail,4
krusty,4
tropical,4
flagship,4
stretchy,4
seaside,4
number,4
catwoman,4
ranger,4
bikini,4
armoured,4
piraka,4
mud,4
servo,4
cement,4
rhino,4
mx,4
sport,4
supply,4
collector,4
le,4
jackpot,4
five,4
serpent,4
jam,4
sandcrawler,4
cove,4
skate,4
clickits,4
lookout,4
security,4
wooden,4
decoration,4
friend,4
rascus,4
koi,4
starry,4
shock,4
mermaid,4
mrs,4
octan,4
santis,4
danju,4
avatar,4
cantina,4
eisley,4
handy,4
newbury,4
fuego,4
bags,4
rings,4
universal,4
wookiee,4
goal,4
choo,4
matau,4
dolls,4
dagger,4
fences,4
manta,4
justice,4
concert,4
drop,4
stringer,4
stacker,4
art,4
clash,4
baron,4
run,4
chaos,4
raya,4
matoro,4
sound,4
element,4
piranha,4
trophy,4
unnamed,4
diagon,4
dojo,4
wonders,4
canyon,4
chill,4
nuju,4
nokama,4
medieval,4
football,4
storybuilder,4
jumper,4
nick,4
jetpack,4
diamond,4
dizzy,4
ir,4
audi,4
steering,4
blacksmith,4
quidditch,4
fe,4
jango,4
toggle,4
connector,4
vampire,4
werewolf,4
bot,4
steve,4
plants,4
scale,4
tahnok,4
pahrak,4
kohrak,4
gahlok,4
racks,4
nuhvok,4
squid,4
arms,4
lock,4
shooter,4
astronaut,4
drag,4
swing,4
magnet,4
chrome,4
lme,4
spring,4
break,4
dameron,4
jurassic,4
finish,4
buster,4
crafting,4
stomper,4
kenobi,4
single,4
hyper,4
biker,4
drill,4
spinner,4
tru,4
storystarter,4
armour,4
dilophosaurus,4
volvo,4
outback,4
juice,4
point,4
inspire,4
eris,4
me,4
manual,4
jewellery,4
capture,4
fuel,4
competition,4
cyborg,4
inferno,4
sticks,4
challenger,4
knighton,4
railroad,4
antennas,4
detector,4
camel,4
hotel,4
uniqlo,4
top,4
ghostbusters,4
lights,4
moment,4
azari,4
polybag,4
german,4
aira,4
shipwreck,4
phoenix,4
cooper,4
mail,4
angle,4
aquaman,4
toddler,4
miles,4
log,4
floor,4
tale,4
iconic,4
gorzan,4
corvette,4
dream,4
naida,4
birds,4
bathroom,4
bi,4
fort,4
load,4
diving,4
fairground,4
grooming,4
arrow,3
hawk,3
cannister,3
actor,3
rip,3
scavenger,3
bungee,3
trash,3
eye,3
nesquik,3
suv,3
stall,3
sheep,3
compact,3
mack,3
snowtrooper,3
rolling,3
velociraptor,3
african,3
points,3
buildings,3
hewkii,3
tina,3
construct,3
watevra,3
ronin,3
employee,3
hahli,3
cub,3
magma,3
takanuva,3
production,3
batboat,3
plant,3
foundation,3
flamingo,3
kongu,3
ultron,3
field,3
fruit,3
airshow,3
lamb,3
minis,3
pets,3
masters,3
nex,3
clikits,3
minions,3
dalmatian,3
feast,3
china,3
offer,3
bowling,3
dash,3
trouble,3
winnie,3
hunters,3
geonosis,3
amazon,3
kingdoms,3
brigade,3
jaller,3
sparkle,3
telehandler,3
equipment,3
lofty,3
metal,3
ground,3
tuner,3
mirror,3
shack,3
jaguar,3
record,3
diesel,3
tunnelator,3
lander,3
cupcake,3
mulan,3
talon,3
builds,3
free,3
nhl,3
flo,3
calf,3
lots,3
candy,3
billund,3
name,3
seaplane,3
hailfire,3
brachiosaurus,3
hamster,3
stegosaurus,3
john,3
sandy,3
archer,3
taj,3
mahal,3
flexible,3
superstar,3
theatre,3
motorized,3
turbine,3
around,3
flowers,3
chameleon,3
scenery,3
burst,3
fxx,3
radio,3
ultralight,3
platform,3
figures,3
signs,3
stena,3
fangar,3
flatbed,3
controlled,3
function,3
workers,3
beetle,3
snowplough,3
ap,3
gator,3
robber,3
sanctuary,3
lost,3
color,3
avenger,3
officer,3
picker,3
mall,3
arachnoid,3
bottle,3
hotdog,3
sorcerer,3
gorm,3
falls,3
board,3
sign,3
concept,3
ram,3
search,3
bluetooth,3
hulkbuster,3
ecto,3
angler,3
nepol,3
skating,3
mysterio,3
stalker,3
drive,3
de,3
recycle,3
disco,3
tooth,3
triangles,3
zero,3
asylum,3
fork,3
imagine,3
bullet,3
arkham,3
tantive,3
iv,3
lake,3
hedwig,3
mag,3
yacht,3
take,3
carnage,3
firefighter,3
saturn,3
smart,3
outdoor,3
link,3
international,3
daredevil,3
ankylosaurus,3
sandman,3
ewok,3
skyhopper,3
ultrasonic,3
dumbledore,3
sebulba,3
geonosian,3
villa,3
polarity,3
web,3
rubber,3
treme,3
etx,3
echo,3
doom,3
flag,3
splash,3
combined,3
revenge,3
alliance,3
cobra,3
renegade,3
us,3
tubular,3
ant,3
adidas,3
canoe,3
milano,3
jake,3
harvest,3
sopwith,3
shield,3
windsurfer,3
champion,3
moulding,3
roman,3
precision,3
clearpack,3
toolo,3
upgrade,3
against,3
wheelie,3
interior,3
boss,3
bearings,3
men,3
serial,3
motorised,3
camping,3
jasmine,3
wings,3
ever,3
toxic,3
whenua,3
fangpyre,3
wrecking,3
bikes,3
character,3
barge,3
let,3
rise,3
scarif,3
waterfall,3
guldur,3
trapper,3
granite,3
combo,3
kayak,3
emily,3
hammer,3
dol,3
quake,3
ladder,3
pitstop,3
barcelona,3
favour,3
prototype,3
kitty,3
mustang,3
lighting,3
vermillion,3
notes,3
runners,3
restaurant,3
predator,3
retail,3
paradisa,3
microlight,3
monsters,3
gungan,3
guarded,3
enzo,3
tool,3
troop,3
hubs,3
chocolate,3
supergirl,3
cooking,3
crater,3
petrol,3
modern,3
speedway,3
temperature,3
hurricane,3
robbery,3
sydney,3
neptune,3
carnival,3
razcal,3
cru,3
skiff,3
years,3
gotham,3
recycling,3
ashley,3
climber,3
prehistoric,3
living,3
digi,3
federation,3
trade,3
hazard,3
seats,3
townhouse,3
grinder,3
cakes,3
dora,3
pizzeria,3
prince,3
duo,3
squirrel,3
helicarrier,3
tricks,3
tour,3
starship,3
guardians,3
apollo,3
owl,3
downtown,3
treehouse,3
experiment,3
lifeguard,3
jewelry,3
buckbeak,3
mathias,3
boxes,3
sanctum,3
his,3
riders,3
peter,3
cutter,3
luigi,3
transportation,3
coastal,3
burj,3
sam,3
khalifa,3
italia,3
poppy,3
flex,3
james,3
sailboat,3
bone,3
utility,3
jestro,3
onewa,3
grounds,3
granger,3
mk,3
nutcracker,3
invader,3
homing,3
worriz,3
gorilla,3
praetorian,3
classroom,3
terminal,3
nest,3
sentry,3
boost,3
bust,3
item,3
quattro,3
armada,3
mansion,3
hideaway,3
airline,3
watch,3
possessed,3
hidden,3
cats,3
piston,3
links,3
score,3
squirt,3
mirkwood,3
cables,3
snail,3
benz,3
wolf,3
eeyore,3
cor,3
loading,3
burner,3
droids,3
dual,3
dp,3
shanghai,3
headlight,3
wire,3
ideas,3
trendy,3
nebula,3
sofia,3
blocks,3
anacondrai,3
barrel,3
amg,3
flaming,2
crasher,2
donald,2
brainiac,2
disk,2
dungeons,2
simpson,2
bastion,2
who,2
games,2
medical,2
angry,2
mans,2
vardy,2
distance,2
db,2
spencer,2
jessica,2
stark,2
mammoth,2
decker,2
hurac,2
organic,2
spa,2
rough,2
eiffel,2
skateboarder,2
vest,2
cannonball,2
metru,2
couch,2
science,2
forces,2
no,2
patient,2
botanical,2
maniac,2
letter,2
combine,2
stygimoloch,2
raceway,2
groovy,2
hollow,2
dragons,2
veterinary,2
fiat,2
mechanic,2
carbon,2
norik,2
iruini,2
fat,2
down,2
senna,2
savanna,2
supplement,2
bandmates,2
mythical,2
typhoon,2
systar,2
baryonyx,2
durmstrang,2
graveyard,2
shrimp,2
operation,2
dinner,2
fantasy,2
war,2
indominus,2
frankenstein,2
raccoon,2
mosaics,2
saw,2
sword,2
organiser,2
tire,2
crook,2
crossroad,2
melon,2
srt,2
kingdom,2
martian,2
pear,2
goat,2
clubhouse,2
krab,2
percy,2
poison,2
manhunter,2
morning,2
voldemort,2
totally,2
spikes,2
dwarves,2
boeing,2
trofeo,2
andersen,2
rebuildable,2
punk,2
or,2
hans,2
agents,2
crooks,2
antimatter,2
monastery,2
windmill,2
interception,2
infiltration,2
skeletons,2
hyperdrive,2
riverside,2
fireboat,2
saber,2
mothership,2
villain,2
gallimimus,2
duke,2
vezon,2
urban,2
lizard,2
tulips,2
tiana,2
morro,2
switching,2
steel,2
challenges,2
rogue,2
horntail,2
gargoyle,2
hungarian,2
menace,2
ready,2
gardens,2
vikings,2
koala,2
artillery,2
nuparu,2
roley,2
mon,2
carnotaurus,2
phasma,2
coruscant,2
elva,2
fairytale,2
umarak,2
lawn,2
bugatti,2
mower,2
daily,2
bugle,2
kraang,2
chiron,2
sf,2
development,2
petronas,2
zone,2
strider,2
strikes,2
powers,2
copenhagen,2
jouster,2
butterfly,2
starlight,2
skulkin,2
lom,2
razar,2
cards,2
kanan,2
heroica,2
weapons,2
tron,2
guido,2
wreath,2
george,2
francesco,2
cruz,2
cowl,2
shellraiser,2
old,2
bentley,2
florida,2
merlok,2
chomp,2
legolas,2
cavalry,2
nature,2
roadwork,2
mace,2
dx,2
mill,2
guitarist,2
nuckal,2
geoffrey,2
asgard,2
quadjumper,2
cheetah,2
cinema,2
springs,2
radiator,2
brickley,2
pearl,2
shazam,2
airship,2
bow,2
scorpio,2
youth,2
hutch,2
pot,2
rink,2
sensei,2
pigsy,2
voltix,2
clayface,2
dorm,2
bro,2
grow,2
rocking,2
unexpected,2
an,2
trinity,2
catcycle,2
ben,2
ekimu,2
slimer,2
elrond,2
mccain,2
bespin,2
hai,2
uruk,2
gandalf,2
tc,2
beatles,2
snakes,2
teal,2
claas,2
brickheadz,2
kladno,2
xerion,2
jakku,2
taxi,2
strange,2
best,2
campus,2
berlinetta,2
sanctorum,2
business,2
salvage,2
toolbox,2
comics,2
vampyre,2
trucks,2
camaro,2
fu,2
tape,2
ewar,2
commando,2
assembly,2
headhunter,2
krypto,2
performance,2
narwhal,2
soarer,2
petite,2
vibes,2
jawblade,2
crawley,2
mhc,2
allies,2
find,2
wolverine,2
logging,2
saves,2
magmar,2
so,2
endgame,2
originals,2
krennic,2
fang,2
nightwing,2
arendelle,2
msc,2
umbaran,2
opera,2
kung,2
funfair,2
money,2
abandoned,2
skrall,2
parade,2
squidman,2
bash,2
grindelwald,2
emerald,2
las,2
doo,2
can,2
scooby,2
vegas,2
guggenheim,2
app,2
solomon,2
count,2
simpsons,2
venice,2
canal,2
lavertus,2
reflect,2
oni,2
spinning,2
ron,2
lemonade,2
celebrate,2
midi,2
sg,2
groomer,2
treasures,2
romantic,2
splitter,2
corporate,2
newt,2
become,2
gresh,2
armored,2
minion,2
bbq,2
ulysses,2
hiphop,2
sears,2
craze,2
orangutan,2
funky,2
batcycle,2
torrent,2
block,2
cruncher,2
indiana,2
stolen,2
works,2
public,2
jetrax,2
hancock,2
convertible,2
fierce,2
extension,2
coin,2
leia,2
organa,2
warriors,2
connections,2
donut,2
receiver,2
vestas,2
ace,2
xbox,2
ps,2
bowser,2
toad,2
separatist,2
manager,2
dessert,2
mata,2
ramses,2
coop,2
silencer,2
toys,2
emotions,2
lakeside,2
katana,2
identity,2
noctura,2
mark,2
cord,2
topper,2
meltdown,2
destruction,2
gamora,2
compactor,2
match,2
burrow,2
speedster,2
mecha,2
gru,2
igloo,2
dice,2
bmw,2
bullseye,2
nexus,2
ducks,2
pug,2
son,2
fortrex,2
diner,2
slicer,2
tuk,2
tribute,2
farmer,2
limousine,2
rsr,2
viper,2
watercraft,2
child,2
piece,2
berlin,2
arsenal,2
biplane,2
tipper,2
shades,2
sergeant,2
creationary,2
lawnmower,2
pyramid,2
tuning,2
personal,2
tilt,2
refuse,2
powerboat,2
toe,2
seabed,2
snapper,2
kessel,2
blind,2
gateway,2
triple,2
tac,2
kitten,2
tic,2
dwarf,2
stap,2
xmas,2
unikingdom,2
state,2
jaw,2
roaring,2
daddy,2
planes,2
baja,2
vessel,2
tyrannosaurus,2
dimetrodon,2
chicks,2
patroller,2
gifts,2
dig,2
axe,2
love,2
vanilla,2
monorail,2
adventurous,2
metro,2
support,2
iguanodon,2
madness,2
housing,2
movers,2
fix,2
differential,2
towers,2
separator,2
legoredo,2
poolside,2
ward,2
foam,2
seaport,2
sophie,2
planetary,2
prize,2
amazing,2
pier,2
bazaar,2
travel,2
optic,2
refuge,2
puck,2
hypno,2
masks,2
rcx,2
austrian,2
shot,2
metroliner,2
developer,2
undercover,2
roadside,2
recovery,2
teams,2
cyclists,2
podium,2
tough,2
ladybug,2
brother,2
junk,2
takutanuva,2
grip,2
hen,2
styling,2
try,2
playroom,2
conductor,2
tools,2
shed,2
beard,2
hang,2
degrees,2
private,2
suspension,2
compound,2
circle,2
dueling,2
makuta,2
shogun,2
bumblebee,2
cylinder,2
tip,2
stories,2
cyclist,2
microcopter,2
inflight,2
american,2
stagecoach,2
plus,2
spooky,2
start,2
dragsters,2
fantastic,2
kahuka,2
cow,2
hippo,2
midnight,2
that,2
california,2
patriot,2
gym,2
cage,2
playcase,2
dreams,2
streak,2
lady,2
mid,2
aragog,2
magnetic,2
fielder,2
keeper,2
privet,2
secrets,2
long,2
acre,2
williams,2
slizer,2
constructor,2
italy,2
save,2
promotion,2
wood,2
aquazone,2
euripides,2
jens,2
dacta,2
release,2
xlarge,2
wheeler,2
spud,2
clock,2
round,2
playtime,2
heli,2
extras,2
campsite,2
boo,2
astrobot,2
dobby,2
unknown,2
prop,2
barracuda,2
meadowsweets,2
honeypot,2
wolfpack,2
lorry,2
piglet,2
shootout,2
trolley,2
rambler,2
ranch,2
mechanical,2
loose,2
swordsman,2
wheeled,2
antenna,2
lesson,2
duster,2
maverick,2
frenzy,2
converter,2
circuit,2
contraption,2
main,2
dunk,2
spin,2
fly,2
playscape,2
return,2
imagination,2
landscape,2
folk,2
radical,2
rosaline,2
pad,2
chaser,2
brickster,2
drawbridge,2
operations,2
pepper,2
bendy,2
beautiful,2
responder,2
wicked,2
ancient,2
cabana,2
pontoon,2
storming,2
evac,2
trading,2
structures,2
rooster,2
cybermaster,2
centurion,2
jeans,2
stripy,2
wendy,2
valley,2
barbecue,2
renewable,2
worm,2
rocky,2
fisherman,2
open,2
doggy,2
marauder,2
into,2
skipper,2
lil,2
dinghy,2
vac,2
stadium,2
horses,2
map,2
television,2
gryffindor,2
tread,2
absorbers,2
gyro,2
bonanza,2
cops,2
attendant,2
wasp,2
retreat,2
paramedic,2
champ,2
ra,2
playmates,2
traitor,2
farmyard,2
indian,2
walking,2
laundry,2
al,2
schumacher,2
idea,2
cactus,2
kragg,2
majisto,2
tan,2
inn,2
shipwrecked,2
dock,2
bathtime,2
trees,2
pre,2
news,2
expander,2
clear,2
elves,2
mybot,2
shops,2
sphinx,2
belt,2
dume,2
victory,2
stylin,2
pulleys,2
coach,2
oasis,2
warp,2
winged,2
spruce,2
magnets,2
introducing,2
diego,2
leopard,2
whirling,2
mechanisms,2
tony,2
cones,2
celestial,2
munich,2
junkyard,2
guys,2
barn,2
hide,2
mother,2
tender,2
foot,2
women,2
catapault,2
indy,2
sun,2
mike,2
builders,2
sally,2
starfish,2
disks,2
parker,2
parking,2
deer,2
fireplace,2
maintenance,2
manor,2
spot,2
radar,2
headgear,2
sample,2
haul,2
sled,2
goes,2
snowflake,2
goalkeeper,2
crib,2
dungeon,2
balls,2
bug,2
bumble,2
sting,2
cannons,2
bayern,2
kilroy,2
ninpo,2
odyssey,2
maxi,2
slug,1
shrunken,1
acklay,1
bucko,1
gymnastic,1
milo,1
ketupat,1
fn,1
dynamics,1
lobber,1
panama,1
chicago,1
sticker,1
wau,1
systems,1
farmers,1
glob,1
neighborhood,1
hovertank,1
group,1
specialists,1
riddle,1
jiaxing,1
stealthy,1
manufacturing,1
airboat,1
intro,1
puffin,1
joe,1
jynx,1
personalised,1
globlin,1
wheelbarrow,1
ribbon,1
chen,1
jailbreak,1
workman,1
jarrus,1
beaver,1
firecracker,1
hydroplane,1
kristoff,1
kampung,1
meraviglia,1
kronprins,1
guardsman,1
frederik,1
wiz,1
critters,1
smarthub,1
bunga,1
storytales,1
snowglobe,1
spry,1
felix,1
notorious,1
coloraction,1
hand,1
clouse,1
sqiffy,1
lowrider,1
olympiad,1
cyren,1
copack,1
separators,1
hidee,1
bolide,1
levers,1
wrapping,1
stay,1
portrait,1
aces,1
wardrobe,1
puft,1
tail,1
ruina,1
female,1
haunt,1
salazar,1
armando,1
curtains,1
ravager,1
joint,1
abilisk,1
fearful,1
ayesha,1
atm,1
beware,1
mach,1
arrowhead,1
grabs,1
male,1
barnaby,1
platypus,1
thief,1
monument,1
airlift,1
knightcrawler,1
gondola,1
lullabies,1
mwe,1
garma,1
chirrut,1
jelly,1
zenon,1
ramirez,1
simulator,1
rathtar,1
chalet,1
scuttler,1
savannah,1
health,1
jolly,1
yogurt,1
healing,1
eclipso,1
rosalyn,1
lena,1
kryptomite,1
surgery,1
bunker,1
dragonfly,1
tique,1
heligoyle,1
gallery,1
airliner,1
smokey,1
halftrack,1
butte,1
willy,1
amulet,1
colossus,1
granny,1
triomphe,1
sandypoint,1
playland,1
dawn,1
beetlejuice,1
brothers,1
abundant,1
batjet,1
duet,1
treats,1
splat,1
century,1
carbonite,1
savings,1
gs,1
pampering,1
voyage,1
lester,1
skyway,1
lashina,1
trail,1
meal,1
berry,1
pair,1
keepsake,1
functional,1
colorful,1
briefcase,1
beachside,1
our,1
vxl,1
barnacle,1
tears,1
bernard,1
detroit,1
teen,1
titans,1
magneto,1
starfire,1
excalibur,1
doomsday,1
pleasure,1
moth,1
bizarro,1
malbus,1
baze,1
mary,1
silent,1
wishes,1
spell,1
goonies,1
buttercup,1
evening,1
powerpuff,1
islander,1
hank,1
pym,1
sidewalk,1
shower,1
lewt,1
erso,1
treat,1
bang,1
theory,1
arocs,1
event,1
louvre,1
trick,1
blast,1
windship,1
basher,1
kramm,1
forx,1
wuzzo,1
dribbal,1
gurggle,1
slusho,1
berp,1
jokerland,1
warper,1
mysterious,1
recording,1
kiosk,1
gox,1
jinky,1
kamzo,1
krog,1
chilbo,1
snoof,1
bingo,1
twisted,1
spaceport,1
trekker,1
tydirium,1
vtol,1
wrayth,1
stiix,1
kangaroo,1
bart,1
hydrofoil,1
vaka,1
ming,1
flamy,1
exploriens,1
tropics,1
hispanic,1
cardboard,1
krait,1
rack,1
giraffes,1
waka,1
caucasian,1
wrench,1
freewheeler,1
asian,1
moretomath,1
commemorative,1
admiral,1
enki,1
trek,1
breaker,1
rainforest,1
hovertron,1
snax,1
country,1
trackers,1
slick,1
cody,1
shallow,1
wii,1
aquacessories,1
hemlock,1
gollum,1
gimli,1
mom,1
toolholders,1
rosie,1
tourist,1
skyra,1
clumsy,1
saddles,1
icebite,1
tormak,1
electromech,1
enter,1
painting,1
eggs,1
niksput,1
farmhouse,1
vultrix,1
senate,1
ezra,1
sinestro,1
grodd,1
bananas,1
darkseid,1
jubel,1
condrai,1
flinx,1
pegasus,1
hours,1
grocery,1
change,1
barbeque,1
lufthansa,1
miniature,1
exotic,1
sparkling,1
math,1
strainor,1
seller,1
spyclops,1
invizable,1
drillex,1
job,1
ultracopter,1
gardener,1
rokit,1
nurp,1
naut,1
tepee,1
bladvic,1
crominus,1
xxxl,1
kwik,1
mart,1
radon,1
barcode,1
backyard,1
meltus,1
carpet,1
spugg,1
cowler,1
raindance,1
changing,1
seasons,1
cliff,1
interstellar,1
flatiron,1
spyder,1
frederick,1
boogly,1
vampos,1
globert,1
infomaniac,1
burnard,1
flamzer,1
turg,1
rhinocerous,1
toucan,1
nanas,1
cozy,1
treetop,1
farran,1
polly,1
laferrari,1
yularen,1
borkum,1
jyn,1
eclipse,1
tuth,1
rs,1
miku,1
sprint,1
sundaes,1
flama,1
starscavenger,1
vanity,1
ragana,1
housings,1
kryptarium,1
profile,1
sewer,1
ghul,1
tentacle,1
fear,1
skrubz,1
splasho,1
maze,1
anchor,1
mascots,1
teardown,1
what,1
am,1
getaways,1
raven,1
jackhammer,1
aquad,1
surgeo,1
washing,1
daycare,1
transcon,1
precious,1
sharx,1
skulzy,1
glade,1
ew,1
low,1
trac,1
daft,1
compax,1
present,1
cobrax,1
midway,1
dotty,1
camsta,1
goldstein,1
beasts,1
vc,1
where,1
alligator,1
them,1
gremlins,1
cyberman,1
impossible,1
baracus,1
sweepz,1
spinza,1
mysto,1
screeno,1
buddy,1
multibox,1
buckingham,1
states,1
capitol,1
heliport,1
handle,1
caterham,1
seven,1
pilgrim,1
helpers,1
ironing,1
myke,1
gobbol,1
marceline,1
rio,1
cold,1
riffgrund,1
library,1
paravane,1
livi,1
rafting,1
archery,1
moltor,1
smasher,1
covered,1
infernox,1
cupid,1
captures,1
fiber,1
misfortune,1
keep,1
uxar,1
elemental,1
zeppelin,1
lavaria,1
deli,1
gtx,1
hangar,1
riptide,1
oval,1
crossblocks,1
snaps,1
studless,1
sort,1
stellosphere,1
south,1
lodge,1
tortoise,1
floatplane,1
sampler,1
slinger,1
summertime,1
skybound,1
tidy,1
decoder,1
ketar,1
fossilizer,1
conveyor,1
avenjet,1
kryptonite,1
kuffs,1
explorien,1
wither,1
symbiote,1
convertables,1
elvendale,1
ikir,1
adapter,1
interface,1
trumpsy,1
nighthawk,1
lane,1
crossbones,1
lms,1
busto,1
tiketz,1
camillot,1
mixadel,1
terak,1
pd,1
akida,1
melum,1
unity,1
sira,1
airglider,1
android,1
takodana,1
freezing,1
golem,1
firehouse,1
tapsy,1
jamzy,1
paladum,1
symphony,1
nuurakh,1
sat,1
champions,1
vic,1
hoskins,1
harl,1
hubbs,1
tamping,1
rammer,1
devil,1
potts,1
chip,1
pua,1
vets,1
sealion,1
munce,1
lamp,1
richie,1
mse,1
eddy,1
lucifer,1
discover,1
detain,1
osprey,1
dove,1
brig,1
dom,1
unstoppable,1
built,1
broadside,1
their,1
jetport,1
colosseum,1
alphabet,1
history,1
rat,1
cargomaster,1
levi,1
confetti,1
sparkly,1
bell,1
erker,1
hands,1
potions,1
pandas,1
salamander,1
nokk,1
gte,1
af,1
corse,1
shepherds,1
skid,1
steer,1
grave,1
wrangler,1
gtr,1
runway,1
puzzling,1
wiggler,1
tanooki,1
serpentine,1
morales,1
bruni,1
roses,1
tilting,1
shorthair,1
hangzhou,1
lagoon,1
runways,1
valves,1
dapeng,1
childhood,1
moments,1
bouquet,1
bonn,1
motors,1
bonsai,1
coral,1
sloping,1
superpowers,1
shepherd,1
superbike,1
crests,1
rights,1
human,1
inventor,1
spiderjet,1
alpaca,1
mega,1
ducati,1
panigale,1
si,1
fkp,1
supernatural,1
mino,1
nova,1
trekkor,1
grid,1
requirement,1
umbridge,1
astronomy,1
wrath,1
venomosaurus,1
piano,1
students,1
redstone,1
pokey,1
watering,1
spectral,1
trucker,1
panasonic,1
gen,1
pace,1
etrophy,1
urus,1
voyager,1
trafford,1
manchester,1
tyrax,1
goofy,1
pluto,1
nissan,1
nismo,1
tributo,1
pineapple,1
andy,1
warhol,1
marilyn,1
monroe,1
legion,1
intercoastal,1
armory,1
ts,1
thwomp,1
foundry,1
teachers,1
snowball,1
razor,1
crest,1
charles,1
dickens,1
bygglek,1
nebulon,1
taskmaster,1
sesame,1
kindness,1
battler,1
literacy,1
entertainment,1
concrete,1
allied,1
studios,1
kids,1
monty,1
mole,1
hayride,1
vibe,1
orbital,1
nintendo,1
articulated,1
yoshi,1
screaming,1
whomp,1
boomer,1
bill,1
barrage,1
transfiguration,1
herbology,1
instruction,1
discowgirl,1
beary,1
karaoke,1
slime,1
domo,1
question,1
eternals,1
deviant,1
arishem,1
bassist,1
legendary,1
project,1
together,1
alone,1
antonio,1
isabela,1
madrigal,1
icons,1
rasp,1
loft,1
earhart,1
fab,1
reznor,1
knockdown,1
meditation,1
mandalore,1
batch,1
sakaarian,1
carter,1
barney,1
armorer,1
hogsmeade,1
fossil,1
exhibition,1
nou,1
dorms,1
fender,1
stratocaster,1
queer,1
amelia,1
titanic,1
charms,1
poulerik,1
safe,1
kakapo,1
performing,1
sharpe,1
celebrations,1
rickshaw,1
paifang,1
sailor,1
stuttgart,1
avenue,1
edinburgh,1
warsaw,1
tivoli,1
fawkes,1
participants,1
dispatch,1
wangfujin,1
maaray,1
cookie,1
coffee,1
prescott,1
lakitu,1
carrot,1
shang,1
mutt,1
stuart,1
otto,1
kevin,1
ten,1
carnivorous,1
gecko,1
ox,1
chinatown,1
homestead,1
besties,1
eyezor,1
matt,1
sinjin,1
topple,1
regulator,1
sumo,1
sisu,1
tauntaun,1
dronecopter,1
boun,1
apartments,1
goldfish,1
ruined,1
abomination,1
scrooge,1
mcduck,1
huey,1
dewey,1
louie,1
dalmatians,1
wizarding,1
budgies,1
gaming,1
ballet,1
keepers,1
llama,1
connect,1
evacuation,1
nian,1
festival,1
selfie,1
warped,1
ongi,1
lands,1
overlord,1
slipway,1
saxophonist,1
samurapper,1
genie,1
discowboy,1
banshee,1
keytarist,1
cotton,1
cheerleader,1
drummer,1
swimming,1
horseback,1
unfurnished,1
acrobatics,1
toyota,1
gr,1
supra,1
mopar,1
heritage,1
bronco,1
typewriter,1
noodle,1
seinfeld,1
fuzzy,1
study,1
ginger,1
tabby,1
cockatiel,1
la,1
catrina,1
zetros,1
jesko,1
koenigsegg,1
fluffy,1
pawp,1
stalls,1
everyone,1
is,1
nagini,1
bellatrix,1
beachfront,1
corral,1
boombox,1
mistake,1
wonderland,1
endless,1
monger,1
infinity,1
gauntlet,1
polyjuice,1
potion,1
bantha,1
mustafar,1
caterbus,1
starion,1
indoraptor,1
lockwood,1
estate,1
ghostly,1
betrayal,1
range,1
moloch,1
engines,1
edna,1
mode,1
incredible,1
frozone,1
atlas,1
orbit,1
cockpit,1
whack,1
bicycles,1
gyrosphere,1
rooftop,1
coding,1
elastigirl,1
groot,1
bean,1
there,1
blacktron,1
swoop,1
skellington,1
homer,1
underminer,1
porg,1
outrider,1
corvus,1
glaive,1
thresher,1
gentle,1
giants,1
petting,1
battering,1
betsy,1
twinfector,1
velocity,1
miner,1
droideka,1
hamleys,1
welsh,1
corgi,1
checkered,1
visitors,1
balancing,1
offering,1
eyes,1
san,1
francisco,1
paris,1
snooper,1
alex,1
popcorn,1
transit,1
runabout,1
operative,1
buffer,1
berserker,1
sawyer,1
finch,1
dallow,1
omnic,1
atx,1
fred,1
gigebyter,1
wishing,1
well,1
knightmare,1
sandspeeder,1
observatory,1
hairdresser,1
tubing,1
cabinet,1
bunnies,1
ping,1
pong,1
use,1
windscreens,1
ludo,1
wrc,1
surprises,1
marty,1
mcfly,1
tactical,1
playpen,1
breathing,1
cruising,1
mates,1
plunder,1
personalities,1
mudtrooper,1
travelling,1
elvenstar,1
schooner,1
precinct,1
den,1
compressor,1
corsa,1
fiesta,1
willow,1
fastback,1
sonar,1
sons,1
patcher,1
anthem,1
walrus,1
experts,1
fugitives,1
egghead,1
pothole,1
killow,1
nightcrawler,1
resurrection,1
legacy,1
scarlet,1
crait,1
by,1
song,1
brushes,1
drifting,1
ahch,1
quantum,1
streetlamps,1
magnifying,1
bubbles,1
mojo,1
jojo,1
rods,1
venkman,1
ursula,1
zeux,1
pegs,1
scamander,1
gellert,1
conveyex,1
reversal,1
acrobats,1
talons,1
whomping,1
martin,1
aston,1
bond,1
dieselnaut,1
realm,1
firstbourne,1
belts,1
queasy,1
sleepy,1
camouflage,1
docks,1
stormbringer,1
albus,1
capital,1
voltron,1
bedrock,1
snoke,1
drifter,1
wedge,1
weasley,1
plantimal,1
workout,1
houseboat,1
missions,1
topic,1
futuristic,1
cruises,1
stuck,1
shaper,1
burn,1
curves,1
asis,1
parlour,1
whirlwind,1
chico,1
costumes,1
booth,1
waffles,1
paddleboard,1
linear,1
tlm,1
screwdriver,1
dum,1
liebherr,1
chimney,1
roadhog,1
fossils,1
guardshack,1
caboom,1
collectable,1
traveling,1
ink,1
hold,1
pasaana,1
expecto,1
patronum,1
bo,1
peep,1
rv,1
mania,1
thrill,1
molten,1
greeting,1
stickers,1
young,1
colette,1
mf,1
lucky,1
techno,1
lonesome,1
flats,1
academy,1
glamping,1
baking,1
baker,1
researcher,1
veterinarian,1
photographer,1
pads,1
starguider,1
darkness,1
subway,1
gamer,1
groom,1
bride,1
dubai,1
triwizard,1
amour,1
legs,1
pyro,1
whipper,1
ig,1
gyrocopter,1
lumberjack,1
jr,1
centauri,1
bookshop,1
illager,1
ocelot,1
pillager,1
taiga,1
intruder,1
merchant,1
junkrat,1
elfie,1
driving,1
watchpoint,1
competizione,1
zl,1
smuggler,1
launching,1
tracer,1
widowmaker,1
hanzo,1
genji,1
dorado,1
reinhardt,1
lead,1
ivy,1
connecting,1
eve,1
wyldstyle,1
apocalypseburg,1
flintstones,1
gibraltar,1
trench,1
intercept,1
dewback,1
aladdin,1
offroader,1
talent,1
zr,1
parachute,1
pelican,1
acres,1
sweetest,1
thricycle,1
mediator,1
wa,1
nabi,1
whatever,1
ultrakatty,1
dollar,1
shanty,1
rexplorer,1
batsub,1
skrull,1
not,1
starkiller,1
forsaken,1
upside,1
buffers,1
rang,1
davidson,1
wool,1
boomtown,1
wrecked,1
bogie,1
grandma,1
microscale,1
wyld,1
beauxbatons,1
arrival,1
perk,1
trauma,1
paranormal,1
shuricopter,1
opening,1
testing,1
rexcelsior,1
generator,1
major,1
vonreg,1
steamboat,1
willie,1
outriders,1
renegades,1
sets,1
dolphins,1
marketing,1
shimmer,1
shine,1
trafalgar,1
loop,1
gymnastics,1
turtles,1
direction,1
masher,1
nanomech,1
ez,1
togokhan,1
twilight,1
gigamesh,1
rollabout,1
pneumatics,1
lasher,1
magna,1
gringott,1
brickbuster,1
sheds,1
composer,1
tapper,1
twister,1
birdwatch,1
axalara,1
chasing,1
adrift,1
taejo,1
vultraz,1
bitil,1
peru,1
meet,1
turbocar,1
crosstown,1
starling,1
biff,1
mazeka,1
peril,1
moondust,1
gorast,1
technojaw,1
shadowstrike,1
snaptrax,1
functions,1
telescopic,1
handler,1
krika,1
naughty,1
wallpaper,1
lesovikk,1
pen,1
metus,1
zesk,1
slytherin,1
tusken,1
tarix,1
strakk,1
vorox,1
tuma,1
powered,1
drum,1
dooku,1
sailer,1
scary,1
atakus,1
do,1
hard,1
feeding,1
berix,1
tarduk,1
raanu,1
tt,1
climate,1
kick,1
vernier,1
adaptor,1
skulls,1
batbot,1
rahi,1
neighbours,1
malum,1
assassin,1
ahsoka,1
hyena,1
hacker,1
seas,1
fero,1
skirmix,1
reaper,1
hypersonic,1
customs,1
cleaner,1
aquabase,1
cyclone,1
allegra,1
hobby,1
kanohi,1
defilak,1
dekar,1
charming,1
thulox,1
ammo,1
bin,1
morak,1
salty,1
dockyard,1
developers,1
rose,1
sleighride,1
lobster,1
tdn,1
module,1
gordon,1
electrical,1
volt,1
sights,1
ooni,1
magoriums,1
ehlek,1
kalmah,1
tager,1
snowscooter,1
shimmel,1
sunflower,1
aquart,1
powerizer,1
grapes,1
watermelon,1
kek,1
frosty,1
madam,1
topham,1
gavla,1
grocer,1
vamprah,1
ignika,1
tanma,1
solek,1
photok,1
radiak,1
kirop,1
vending,1
chirox,1
plan,1
warship,1
icarax,1
bench,1
referee,1
oiler,1
antroz,1
vican,1
hatt,1
kicker,1
cd,1
plated,1
wide,1
bath,1
bubbling,1
lsp,1
flora,1
pk,1
mutran,1
aquatic,1
resq,1
drinks,1
playful,1
harbor,1
stretcher,1
rockoh,1
trikes,1
ot,1
wake,1
foliferous,1
regular,1
shave,1
drives,1
plank,1
ostrich,1
alamut,1
emporium,1
limo,1
plesiosaur,1
peak,1
ferocious,1
boom,1
megaphone,1
katinco,1
lotso,1
polizia,1
bottles,1
kinds,1
film,1
sceneries,1
lightor,1
roundup,1
scratch,1
traveller,1
spiky,1
wreck,1
shredd,1
loopin,1
nana,1
chromastone,1
mansions,1
freeco,1
zurg,1
catcher,1
lavatraz,1
spidermonkey,1
swampfire,1
court,1
jester,1
plo,1
raincloud,1
cad,1
quarry,1
freeing,1
humungousaur,1
spinosaurus,1
goozle,1
honeybees,1
favor,1
vapour,1
holidays,1
acorn,1
growing,1
bouncing,1
lisa,1
speedbike,1
policebike,1
natalie,1
tez,1
koon,1
meteor,1
wampa,1
actress,1
assistant,1
jagged,1
jaws,1
wreckage,1
orient,1
von,1
jimi,1
xplode,1
corroder,1
pane,1
preston,1
william,1
duncan,1
wazo,1
pulse,1
puppies,1
cruisers,1
ornaments,1
magikus,1
pharaoh,1
curse,1
wheeling,1
fiery,1
rov,1
stronius,1
vastus,1
kiina,1
gelu,1
navigator,1
cendox,1
surface,1
code,1
minotaurus,1
scorcher,1
calamari,1
national,1
fallingwater,1
trolls,1
gahdok,1
snap,1
hyperspeed,1
cairo,1
chauchilla,1
cemetery,1
skateboarding,1
xtreme,1
crushers,1
tornado,1
cahdok,1
boxor,1
crypt,1
breezeway,1
venator,1
gallardo,1
lp,1
celebrates,1
sodor,1
underground,1
styracosaurus,1
postman,1
tile,1
impact,1
survival,1
altair,1
mizar,1
vega,1
mosasaurus,1
marshall,1
seattle,1
needle,1
medic,1
superpack,1
miners,1
wonderful,1
rosita,1
bush,1
attackin,1
ackar,1
france,1
baranus,1
thornatus,1
skopio,1
xv,1
freekick,1
pulverizer,1
stanley,1
waterton,1
kraken,1
morgan,1
equipe,1
bobland,1
kaxium,1
cypress,1
loot,1
brickbeard,1
karzahni,1
arch,1
turntable,1
pillow,1
fafnir,1
spalding,1
connection,1
bushes,1
midgard,1
voporak,1
keetongu,1
engineering,1
kraata,1
student,1
lizards,1
chromosomes,1
catchers,1
merpeople,1
tangerine,1
clips,1
memo,1
atr,1
fireball,1
wyvern,1
outrigger,1
roporak,1
suukorak,1
boots,1
flashin,1
ttx,1
intermodal,1
charged,1
travis,1
kaita,1
loadin,1
speedy,1
nidhogg,1
punch,1
rx,1
bling,1
za,1
lever,1
fenris,1
hydraxon,1
wheelers,1
jal,1
skyline,1
toby,1
wellsworth,1
klm,1
fearless,1
knapford,1
iberia,1
mango,1
gasol,1
hip,1
blooms,1
butterflies,1
shells,1
stars,1
pau,1
furious,1
platoon,1
lauda,1
swiss,1
headshox,1
minifigures,1
bellville,1
mischievous,1
paprika,1
hanging,1
curly,1
smiling,1
sas,1
gaaki,1
chromika,1
aeroflot,1
malaysian,1
pouks,1
kualus,1
gems,1
bomonga,1
oohnorak,1
boggarak,1
vohtarak,1
dreamy,1
decorations,1
jimmy,1
neck,1
morcia,1
terminator,1
orlan,1
citadel,1
border,1
flowered,1
bangles,1
glamour,1
purse,1
snowboarder,1
kraatu,1
krekka,1
kanoka,1
nidhiki,1
hardtack,1
scurvy,1
duckling,1
kikanalo,1
vorzakh,1
zadakh,1
rorzakh,1
keerakh,1
preschool,1
playtable,1
sirius,1
lhikan,1
dile,1
shrieking,1
olympia,1
better,1
lupin,1
professor,1
squire,1
draco,1
nivawk,1
nuhrii,1
vhisola,1
sunny,1
spree,1
grape,1
crime,1
fusion,1
barrichello,1
sdcc,1
decor,1
keelerak,1
pretend,1
striped,1
roodaka,1
sidorak,1
tinderbox,1
pea,1
thumbelina,1
inspection,1
citrus,1
grinders,1
tehutti,1
redbeard,1
ahkmou,1
orkahm,1
ehrye,1
turaga,1
tugboat,1
stationery,1
measurement,1
limits,1
arachno,1
leads,1
sealand,1
ta,1
xp,1
tundra,1
predators,1
orb,1
rhotuka,1
spinners,1
bryant,1
knockturn,1
zamor,1
spheres,1
velika,1
kazi,1
piruk,1
garan,1
balta,1
dalu,1
nano,1
slap,1
passer,1
solution,1
interactive,1
dongle,1
multipack,1
maximum,1
takadox,1
minifigs,1
blossom,1
crate,1
dreamliner,1
supplies,1
quality,1
fenrakk,1
blazers,1
robobots,1
pro,1
feeder,1
kardas,1
non,1
give,1
away,1
goalie,1
flip,1
sumsy,1
help,1
harold,1
condor,1
trasher,1
packer,1
batcopter,1
devastator,1
gtb,1
fiorano,1
session,1
pridak,1
puff,1
boating,1
germany,1
gravel,1
fig,1
gadunka,1
mb,1
maxilos,1
spinax,1
barraki,1
deepsea,1
chum,1
message,1
kimi,1
michael,1
ikk,1
nen,1
carapar,1
nocturn,1
safran,1
zonic,1
mantax,1
scimitar,1
astro,1
everest,1
mount,1
nomad,1
yeti,1
roar,1
drilling,1
tygurah,1
reidak,1
ofnir,1
kobe,1
pipe,1
breeze,1
kurahk,1
pearls,1
uplink,1
wright,1
origins,1
trax,1
dracus,1
kentis,1
adric,1
constellation,1
karzon,1
uss,1
hakann,1
zaktan,1
vezok,1
thok,1
angel,1
glitter,1
pearly,1
fikou,1
burlington,1
northern,1
bnsf,1
dude,1
sinister,1
episode,1
iii,1
keyring,1
trainer,1
bangle,1
gearbox,1
haulers,1
cranky,1
gardening,1
panrahk,1
hairband,1
duracell,1
busters,1
princesses,1
umbra,1
striking,1
sales,1
sentai,1
boarder,1
vert,1
supersonic,1
sts,1
jun,1
kopeke,1
intimidator,1
pass,1
passage,1
battleship,1
tuneable,1
mistlands,1
steady,1
roadsters,1
guurahk,1
gukko,1
pewku,1
irnakk,1
axonn,1
brutaka,1
supernova,1
avak,1
hoe,1
comp,1
takua,1
revvin,1
scrambler,1
turahk,1
vorahk,1
lerahk,1
macku,1
hafu,1
nation,1
tuxedo,1
shirt,1
hawaiian,1
vaporizer,1
crystals,1
english,1
mounting,1
insectoid,1
skyflyer,1
springtime,1
lunch,1
julie,1
kingfisher,1
deutschland,1
bases,1
scottish,1
dutch,1
beacon,1
swarmer,1
swarm,1
snack,1
peekaboo,1
auntie,1
cubes,1
constitution,1
greenleaf,1
extremis,1
malibu,1
mandarin,1
additional,1
comanche,1
colby,1
metropolis,1
jane,1
smallville,1
dusty,1
chug,1
ripslinger,1
cousin,1
nations,1
architecture,1
vermin,1
obliterator,1
jessie,1
goalkeepers,1
born,1
native,1
bronto,1
trader,1
furry,1
spacecraft,1
purple,1
insectoids,1
barrow,1
katie,1
merida,1
highland,1
kiss,1
bison,1
tales,1
melting,1
braptor,1
children,1
lounge,1
curiosity,1
br,1
orlando,1
skirt,1
doghouse,1
leisure,1
boot,1
villy,1
thomsen,1
hmv,1
attraction,1
jor,1
lieutenant,1
sly,1
caine,1
package,1
parisian,1
defend,1
vw,1
backpack,1
perch,1
fawn,1
torch,1
battles,1
speedor,1
garmatron,1
droidekas,1
rt,1
rancor,1
kamino,1
ruler,1
asteroid,1
ruins,1
hive,1
complex,1
com,1
fright,1
baxter,1
robolab,1
moto,1
alderaan,1
equila,1
bruizer,1
convenience,1
karate,1
newborn,1
rehearsal,1
sensation,1
pyrox,1
scarox,1
ogrum,1
milk,1
eagles,1
tricycle,1
mcdonalds,1
ripper,1
lennox,1
wakz,1
retro,1
transmission,1
gates,1
lone,1
orthanc,1
roost,1
vines,1
cls,1
eradicator,1
heliplane,1
adventurer,1
council,1
delorean,1
surfers,1
bolt,1
jek,1
boxed,1
gatehouse,1
hh,1
starhopper,1
sands,1
skunk,1
eglor,1
tonto,1
pisa,1
campfire,1
poodle,1
strikers,1
tourer,1
never,1
bucky,1
leaning,1
buzzer,1
farao,1
aviation,1
beta,1
saver,1
helms,1
dive,1
geared,1
third,1
sparratus,1
rogon,1
flinger,1
dart,1
ender,1
armies,1
lonely,1
re,1
flea,1
crisis,1
twinblade,1
entrance,1
villains,1
minimodel,1
gto,1
learntolearn,1
wheelgun,1
tribal,1
ninjacopter,1
frontier,1
mechdragon,1
airstrip,1
lamps,1
seal,1
footi,1
customised,1
aquashark,1
knowhere,1
sabre,1
anubis,1
theater,1
divers,1
wizwuz,1
bamboo,1
mesmo,1
hoogi,1
scorpi,1
magnifo,1
torts,1
glurt,1
glomp,1
rebels,1
overborg,1
destructoid,1
hats,1
lucinda,1
spaceman,1
plastic,1
jennifer,1
pamela,1
detective,1
tungster,1
golf,1
baggins,1
holes,1
bright,1
lincoln,1
memorial,1
smoothie,1
wish,1
fibre,1
revan,1
bilbo,1
grumlo,1
graduation,1
roadblock,1
oven,1
trekking,1
pitfall,1
nyiregyhaza,1
fan,1
weekend,1
experience,1
cressida,1
pyjamas,1
perilous,1
hammock,1
kennel,1
clipper,1
buccaneers,1
flashback,1
institute,1
vii,1
scorm,1
sentinel,1
mutation,1
unleashed,1
teslo,1
zaptor,1
volectro,1
boutique,1
flashy,1
mikey,1
karai,1
shuff,1
spotty,1
slumbo,1
macaw,1
pan,1
trevi,1
frax,1
rota,1
krader,1
vulk,1
flain,1
flusher,1
spinlyn,1
cavern,1
outland,1
zorch,1
chomper,1
rawket,1
clarence,1
reinforcements,1
blackmobile,1
edward,1
kashyyyk,1
saleucami,1
av,1
anti,1
seismo,1
singing,1
sykor,1
prowler,1
catwalk,1
goals,1
claws,1
kings,1
tremor,1
press,1
infearno,1
linesmen,1
toxikita,1
panthar,1
blades,1
mungus,1
fluminox,1
bordakh,1
arachnophob,1
starblaster,1
tunneler,1
telephone,1
stingray,1
scorching,1
phone,1
jawg,1
aid,1
hornet,1
luxury,1
lunk,1
flurr,1
chomly,1
gobba,1
kraw,1
crystallisation,1
tentro,1
balk,1
helicrane,1
cuckoo,1
utapau,1
icebreaker,1
maula,1
decorating,1
skis,1
fall,1
mono,1
coverage,1
rivalry,1
zidane,1
scouts,1
historic,1
nurse,1
dcp,1
italian,1
staff,1
listen,1
cursed,1
commuter,1
read,1
dueler,1
vicious,1
timmy,1
smokin,1
fans,1
grandstand,1
scoreboard,1
caverns,1
stuntman,1
bugs,1
raw,1
panic,1
volcanic,1
waldurk,1
pudsey,1
nathuz,1
unimog,1
fortaan,1
vision,1
software,1
sanister,1
roborider,1
robie,1
brandenburg,1
slickster,1
scarab,1
tom,1
accelerometer,1
spear,1
aaa,1
dinohunter,1
lenticular,1
dinofinder,1
cunningham,1
tyranno,1
seeker,1
richard,1
gyroscopic,1
arf,1
chassis,1
puller,1
dutchman,1
bulls,1
carla,1
stocking,1
conquest,1
caribbean,1
elephants,1
tim,1
factor,1
compass,1
airplanes,1
willis,1
rockefeller,1
shinkai,1
moviemaker,1
arrowseat,1
adu,1
spielberg,1
steven,1
grem,1
scooper,1
weezil,1
attacker,1
backdrop,1
kruncha,1
reapa,1
watto,1
promo,1
goldener,1
rfel,1
prepack,1
ws,1
onepu,1
mats,1
caboose,1
huki,1
sarah,1
nursing,1
corridor,1
keys,1
chopov,1
transfer,1
krazi,1
drilldozer,1
honda,1
asimo,1
subzero,1
crash,1
gloom,1
grab,1
strong,1
vpr,1
lime,1
reflection,1
ramp,1
panel,1
sledge,1
maku,1
body,1
dynamo,1
microsub,1
jala,1
explosion,1
father,1
jetbug,1
nitroblast,1
bonezai,1
hanger,1
manas,1
hillside,1
tripod,1
bomb,1
abduction,1
nightspeeder,1
podracers,1
rp,1
whitecap,1
searcher,1
draida,1
heroic,1
excavation,1
glove,1
waspix,1
fangz,1
anne,1
muerta,1
classrooms,1
indie,1
snape,1
blockade,1
hat,1
sunblock,1
balance,1
rush,1
sorting,1
tarakava,1
isla,1
cannibal,1
jaga,1
kane,1
windu,1
muaka,1
rama,1
farnsworth,1
splitface,1
winners,1
rotors,1
megatax,1
slippery,1
hunting,1
rattla,1
rattlecopter,1
systematic,1
honey,1
ducklings,1
seek,1
hawkeye,1
ganrash,1
bluebells,1
toadstools,1
chauffeur,1
coffin,1
frodo,1
ballista,1
strawberries,1
solutions,1
senior,1
jetski,1
hobbit,1
vizsla,1
cosmo,1
bytar,1
lizaru,1
slithraa,1
test,1
savoye,1
bluebell,1
wroom,1
lila,1
supper,1
riddles,1
wargs,1
gathering,1
hundred,1
venomari,1
nap,1
nose,1
tulip,1
winzar,1
chainsaw,1
horizon,1
aquagon,1
redbird,1
fighting,1
barc,1
sidecar,1
disc,1
paddleboat,1
countdown,1
podrace,1
acro,1
crug,1
leonidas,1
espa,1
crosser,1
squirting,1
waterlily,1
olympic,1
leg,1
moose,1
pendulum,1
buildtoexpress,1
teacher,1
ole,1
kirk,1
loudspeaker,1
kornmarken,1
cubby,1
presentation,1
pingo,1
peek,1
piper,1
paddler,1
perky,1
wilma,1
mosquito,1
kana,1
dust,1
swinging,1
thornraxx,1
mailbox,1
taurus,1
modulars,1
alarm,1
suei,1
capacitor,1
cell,1
rotation,1
programmable,1
kokoriko,1
discs,1
avenging,1
weevil,1
zo,1
fancy,1
simulation,1
stella,1
computer,1
shovel,1
snappa,1
over,1
onyx,1
podracing,1
french,1
americas,1
bernoulli,1
ivan,1
mcmissile,1
leader,1
jeff,1
gorvette,1
oil,1
spark,1
flare,1
dynamic,1
funhouse,1
justin,1
iris,1
hayabusa,1
yavin,1
orc,1
malevolence,1
speeda,1
mezmo,1
spitta,1
fangdam,1
windbreaker,1
ladies,1
moria,1
casual,1
sungnyemun,1
chris,1
ilrion,1
tribuggy,1
xt,1
stroller,1
helm,1
mines,1
siddeley,1
remover,1
millimy,1
west,1
saesee,1
tiin,1
bite,1
alloy,1
wagons,1
hearse,1
weathertop,1
zombies,1
scientist,1
arrives,1
shelob,1
attacks,1
snuggly,1
dancing,1
japan,1
